{"k": -0.13636363636363635, "m": 0.6818181818181818, "delta": [0.0, 0.0, 0.0, 0.0, 0.0, 0.0, 0.0], "beta": [0.0, 0.0, 0.0, 0.0, 0.0, 0.0, 0.0, 0.0, 0.0, 0.0, 0.0, 0.0, 0.0, 0.0, 0.0, 0.0, 0.0, 0.0, 0.0, 0.0, 0.0, 0.0, 0.0, 0.0, 0.0, 0.0], "sigma_obs": 1.0}