{"T": 10, "S": 7, "K": 26, "tau": 0.05, "trend_indicator": 0, "y": [0.6818181818181818, 0.4090909090909091, 0.5454545454545454, 0.6818181818181818, 1.0, 0.5454545454545454, 0.36363636363636365, 0.6363636363636364, 0.9545454545454546, 0.5454545454545454], "t": [0.0, 0.1111111111111111, 0.2222222222222222, 0.3333333333333333, 0.4444444444444444, 0.5555555555555556, 0.6666666666666666, 0.7777777777777778, 0.8888888888888888, 1.0], "cap": [0.0, 0.0, 0.0, 0.0, 0.0, 0.0, 0.0, 0.0, 0.0, 0.0], "t_change": [0.1111111111111111, 0.2222222222222222, 0.3333333333333333, 0.4444444444444444, 0.5555555555555556, 0.6666666666666666, 0.7777777777777778], "s_a": [1, 1, 1, 1, 1, 1, 1, 1, 1, 1, 1, 1, 1, 1, 1, 1, 1, 1, 1, 1, 1, 1, 1, 1, 1, 1], "s_m": [0, 0, 0, 0, 0, 0, 0, 0, 0, 0, 0, 0, 0, 0, 0, 0, 0, 0, 0, 0, 0, 0, 0, 0, 0, 0], "X": [[-0.008601105865689837, 0.9999630098048063, -0.017201575418209967, 0.9998520419557744, -0.02580077239146538, 0.999667104662349, -0.03439806061350698, 0.9994082116062633, -0.04299280405348224, 0.9990753819405315, -0.05158436686925694, 0.9986686402880076, -0.06017211345343265, 0.9981880167396057, -0.06875540848093771, 0.997633546852059, -0.07733361695693562, 0.9970052716452196, -0.0859061042608544, 0.9963032375992378, -0.43388373911904254, -0.9009688679017043, 0.7818314824700843, 0.6234898018561573, -0.9749279121821139, -0.22252093395504235], [0.008601105865691806, 0.9999630098048063, 0.017201575418213905, 0.9998520419557744, 0.02580077239152811, 0.9996671046623473, 0.03439806061351485, 0.999408211606263, 0.04299280405366245, 0.9990753819405237, 0.05158436686938227, 0.9986686402880012, 0.06017211345350316, 0.9981880167396013, 0.06875540848095342, 0.997633546852058, 0.07733361695644322, 0.9970052716452578, 0.08590610426121383, 0.9963032375992068, -0.9749279121811704, -0.22252093395917627, 0.4338837391228476, -0.9009688678998719, 0.7818314824648074, 0.6234898018627744], [0.025800772391526144, 0.9996671046623474, 0.05158436686937834, 0.9986686402880013, 0.07733361695683405, 0.9970052716452273, 0.10303137904311897, 0.9946781061893708, 0.12866054379797345, 0.9916886933254859, 0.15420404756271258, 0.9880390233767473, 0.17964488371026513, 0.983731526259439, 0.2049661139693776, 0.9787690698649463, 0.2301508797014989, 0.9731549581503586, 0.2551824131231175, 0.9668929289392195, -0.781831482468181, 0.6234898018585439, -0.9749279121817157, -0.22252093395678732, -0.4338837391201803, -0.9009688679011564], [0.042992804053715306, 0.9990753819405215, 0.08590610426131924, 0.9963032375991977, 0.12866054379802788, 0.9916886933254789, 0.17117705961017318, 0.9852402825012867, 0.21337702862094965, 0.9769699297608369, 0.25518241312322365, 0.9668929289391915, 0.2965159050904484, 0.9550279147901344, 0.3373010691361332, 0.9413968285264305, 0.37746248386180703, 0.9260248772451392, 0.4169258813287705, 0.9089404873137888, -1.1875908510315183e-12, 1.0, -2.3751817020630367e-12, 1.0, -3.562772553094555e-12, 1.0], [0.06017211345344052, 0.9981880167396051, 0.1201261651822406, 0.9927586335250925, 0.17964488371014942, 0.9837315262594601, 0.2385125751938615, 0.9711394088772181, 0.2965159050905008, 0.9550279147901182, 0.353444671273777, 0.9354554315135338, 0.4090925658018302, 0.9124928890712931, 0.46325792256709936, 0.8862235029487852, 0.515744448130897, 0.8567424725214435, 0.5663619330813712, 0.8241566360567222, 0.7818314824667001, 0.6234898018604009, 0.9749279121827727, -0.22252093395215605, 0.43388373912660017, -0.9009688678980647], [0.07733361695677542, 0.9970052716452319, 0.15420404756259637, 0.9880390233767655, 0.23015087970121656, 0.9731549581504254, 0.304719233108984, 0.952442223430625, 0.37746248386190867, 0.9260248772450977, 0.44794493940784197, 0.8940611451455123, 0.5157444481309441, 0.8567424725214152, 0.5804549278087914, 0.8142923779469453, 0.64168879782505, 0.7669651144255795, 0.6990793005657073, 0.7150441465535966, 0.9749279121816989, -0.22252093395686062, -0.4338837391185677, -0.900968867901933, -0.78183148246925, 0.6234898018572034], [0.0944722361987311, 0.9955274966507008, 0.188099417611833, 0.9821499931752223, 0.28004404847434006, 0.959987151431779, 0.36948368344745014, 0.9292372181881785, 0.45561828439699487, 0.8901752518033397, 0.5376773767406094, 0.843150661828203, 0.614926941347421, 0.7885840835352343, 0.6866759803452602, 0.7269636153322089, 0.7522826980984937, 0.6588404527210292, 0.811160242078601, 0.5848239578462782, 0.4338837391179048, -0.9009688679022522, -0.7818314824685096, 0.6234898018581319, 0.9749279121820805, -0.222520933955189], [0.11158289958602677, 0.9937551290534176, 0.22177215755653315, 0.9750985130399493, 0.3291915385199071, 0.9442631682782594, 0.4324994021340737, 0.9016342202654405, 0.5304054598465247, 0.8477440935594872, 0.6216868902664043, 0.783265861933793, 0.7052036118890311, 0.709004841858407, 0.7799125224168494, 0.6258885343073377, 0.8448805268404241, 0.5349550405088705, 0.8992961915531902, 0.4373400963299933, -0.43388373911635997, -0.9009688679029961, 0.7818314824663716, 0.6234898018608129, -0.9749279121817453, -0.22252093395665712], [0.12866054379808228, 0.9916886933254718, 0.25518241312332973, 0.9668929289391635, 0.37746248386164366, 0.9260248772452058, 0.49346814167715985, 0.8697638720651085, 0.601271069373394, 0.7990451183347379, 0.699079300565298, 0.7150441465539968, 0.785267006843758, 0.619157272397446, 0.8584015232918002, 0.512978386299381, 0.9172671631198716, 0.3982724588294085, 0.960885425557436, 0.2769462022691504, -0.9749279121813174, -0.22252093395853226, 0.43388373912165734, -0.9009688679004451, 0.7818314824637747, 0.6234898018640693], [0.1457001152853353, 0.9893288009584276, 0.2882906407094909, 0.95754295281168, 0.4247283525159796, 0.9053208417843156, 0.5521013427458741, 0.8337770129586225, 0.6676911663365626, 0.7444383832098669, 0.7690308592588644, 0.6392116531381234, 0.8539575894446151, 0.5203426135056999, 0.920658816810199, 0.39036821467640576, 0.967710977208693, 0.25206242201049417, 0.994109864702202, 0.10837701279224132, -0.7818314824677692, 0.6234898018590603, -0.9749279121820097, -0.22252093395549932, -0.43388373911213257, -0.900968867905032]], "sigmas": [10.0, 10.0, 10.0, 10.0, 10.0, 10.0, 10.0, 10.0, 10.0, 10.0, 10.0, 10.0, 10.0, 10.0, 10.0, 10.0, 10.0, 10.0, 10.0, 10.0, 10.0, 10.0, 10.0, 10.0, 10.0, 10.0]}